PROGRAMNAME;FEATURE;MONITOREDSIGNALS;SERIALNR;STARTTIME;DURATION;COMPLETED;STABILITY;COMMENT
AICoM_F100;5_1_1;ZActTrq;1694095674285;1694092927390;40000;1;-1.0;
AICoM_F100;5_1_1;ZActTrq;1694095674285;1694095899286;35000;1;0.018729687;Signal:ZActTrq ProcessDuration:-14%
AICoM_F100;5_1_1;ZActTrq;1694095674285;1694092927390;40000;1;0.100462854;Signal:ZActTrq ProcessDuration:13%
AICoM_F100;5_1_1;ZActTrq;1694095674281;1694095899286;35000;1;0.9999999;
AICoM_F100;5_1_1;ZActTrq;1694095674282;1694092927390;40000;1;0.9999999;
AICoM_F100;5_1_1;ZActTrq;1694095674283;1694095899286;35000;1;0.9999999;